lat,lon,time,task_type,temperature_2m,relative_humidity_2m,shortwave_radiation,cloud_cover,snow_depth,snowfall,wind_speed_10m,weather_code,freezing_level_height,surface_pressure
46.652521,12.641223,2025-05-23T07:30:00,validate,-1.858976360733837,87.69569514973958,84.64500000000001,98.33333333333331,0.4566666666666667,0,17.333333333333332,3.0000000000000004,2183.763818359375,778.1139471818029
46.652521,12.641223,2025-05-23T10:30:00,validate,-0.5256430274005035,77.69569514973958,421.67333333333335,100.0,0.49,0,18.366666666666667,3.0000000000000004,2187.0971516927084,779.3472805151364
46.652521,12.641223,2025-05-23T06:00:00,validate,-1.858976360733837,87.69569514973958,84.64500000000001,98.33333333333331,0.4566666666666667,0,17.333333333333332,3.0000000000000004,2183.763818359375,778.1139471818029
46.652521,12.641223,2025-05-23T09:00:00,validate,-0.5256430274005035,77.69569514973958,421.67333333333335,100.0,0.49,0,18.366666666666667,3.0000000000000004,2187.0971516927084,779.3472805151364
46.652521,12.641223,2025-05-23T12:00:00,validate,2.074356972599497,64.02902848307292,788.215,100.0,0.48333333333333334,0,17.866666666666664,3.0000000000000004,2303.763818359375,780.715201721322
46.652521,12.641223,2025-05-23T15:00:00,validate,2.874356972599497,59.36236181640625,528.1366666666665,100.0,0.4733333333333334,0,13.933333333333332,3.0000000000000004,2420.430485026042,780.3818683879889
46.657453,12.670912,2025-05-23T06:00:00,validate,-3.480990926098935,90.36105006522952,81.99958562942629,94.21965069966608,0.6307070857833583,0,15.339779441633048,3.0,2236.8298237337594,754.5430678712504
46.657453,12.670912,2025-05-23T09:00:00,validate,-2.4957384309989856,82.89254707056323,380.84977975107074,100.0,0.6513829340900231,0,16.404756487533053,3.0,2236.9987858104255,755.5582744581503
46.657453,12.670912,2025-05-23T12:00:00,validate,-0.08560070639901213,68.27656902689642,744.4454167777803,98.41781437166644,0.6447162674233564,0,15.809825349833039,3.0,2287.213656087083,757.0650329412169
46.657453,12.670912,2025-05-23T15:00:00,validate,1.0308364192677,61.39484248056277,551.8852729479534,99.36712574866657,0.6347162674233565,0,13.110596806599881,3.0,2413.373436523751,756.8932974122505
46.698255,12.421719,2025-05-23T06:00:00,validate,-3.1928723971476085,86.20764990234375,88.50833333333335,100.0,0.33,0,14.0,3.0,2389.235009765625,761.4620739562965
46.698255,12.421719,2025-05-23T09:00:00,validate,-2.0262057304809415,83.20764990234375,455.8416666666666,96.0,0.36999999999999994,0,12.6,3.0,2389.235009765625,762.6296183963659
46.698255,12.421719,2025-05-23T12:00:00,validate,0.20712760285239162,70.54098323567707,687.8,74.66666666666667,0.36000000000000004,0,12.366666666666665,3.0,2399.235009765625,763.6633906164006
46.698255,12.421719,2025-05-23T15:00:00,validate,1.6071276028523913,57.54098323567709,492.38500000000005,100.0,0.3533333333333334,0,13.433333333333332,3.0,2515.9016764322914,763.6304961697685
46.771029,11.015856,2025-05-23T06:00:00,validate,-9.548395350160552,99.578576171875,76.95,100.0,1.2366666666666666,0,24.799999999999997,71.0,3062.1423828125,685.0693951309167
46.771029,11.015856,2025-05-23T09:00:00,validate,-9.21506201682722,94.91190950520831,532.8866666666665,100.0,1.2499999999999998,0,21.83333333333333,3.0,3062.1423828125,686.0360617975834
46.771029,11.015856,2025-05-23T12:00:00,validate,-6.9817286834938885,79.91190950520833,912.3799999999999,88.66666666666669,1.2399999999999998,0,18.63333333333333,3.0,3062.1423828125,687.6052085574104
46.771029,11.015856,2025-05-23T15:00:00,validate,-5.681728683493888,71.578576171875,779.8866666666667,72.33333333333333,1.22,0,18.833333333333332,1.0,3062.1423828125,687.9735286195172
46.777796,12.330046,2025-05-23T06:00:00,validate,-3.119108811253953,82.87693896484375,89.04666666666667,100.0,0.15333333333333332,0,6.733333333333335,3.0,2282.306103515625,751.6983688033428
46.777796,12.330046,2025-05-23T09:00:00,validate,-1.4524421445872866,70.21027229817709,496.46999999999997,98.66666666666669,0.21000000000000002,0,13.733333333333336,3.0,2282.306103515625,752.9623309223259
46.777796,12.330046,2025-05-23T12:00:00,validate,1.0160275538683472,52.5436056315104,778.3983333333334,70.0,0.19666666666666668,0,16.499999999999996,2.0,2372.306103515625,754.2623309223259
46.777796,12.330046,2025-05-23T15:00:00,validate,1.679989672851564,48.876938964843745,634.3783333333333,76.00000000000001,0.18333333333333338,0,15.900000000000002,2.0,2452.306103515625,754.1308006207812
46.781026,12.330316,2025-05-23T06:00:00,validate,-3.233405940188656,83.10699853515627,89.04666666666668,100.0,0.15333333333333332,0,6.733333333333334,3.0,2259.300146484375,749.7553544187391
46.781026,12.330316,2025-05-23T09:00:00,validate,-1.5667392735219896,70.44033186848958,496.46999999999997,98.66666666666669,0.21000000000000002,0,13.733333333333334,3.0,2259.300146484375,750.9229576768489
46.781026,12.330316,2025-05-23T12:00:00,validate,0.9665940598113438,52.773665201822915,778.3983333333333,70.0,0.19666666666666668,0,16.499999999999996,2.0,2349.300146484375,752.2220210854058
46.781026,12.330316,2025-05-23T15:00:00,validate,1.533260726478011,49.10699853515625,634.3783333333334,76.0,0.18333333333333338,0,15.9,2.0,2429.300146484375,752.1553544187391
46.786408,10.879536,2025-05-23T06:00:00,validate,-7.4286080220672295,85.91627518013775,82.92813434456474,93.39909255628287,0.7493835072848479,0,4.86177745166057,3.51785388072774,2615.478425296135,704.7820117454194
46.786408,10.879536,2025-05-23T09:00:00,validate,-6.655365433105608,77.50896272098615,494.58729169456905,78.57582046795982,0.8729634377042422,0,5.297576755854513,3.0,2615.478425296135,706.0165780641831
46.786408,10.879536,2025-05-23T12:00:00,validate,-4.375957916992464,65.69022785124865,917.0315420403102,39.15206820307085,0.8728812386755552,0,7.546853446351558,2.0,2615.478425296135,707.4511443829466
46.786408,10.879536,2025-05-23T15:00:00,validate,-2.811757221186406,64.9824616702385,800.0075908915265,30.736535841050568,0.8593424077705044,0,8.964157969090936,2.0,2615.478425296135,708.1811897551324
46.787054,10.842526,2025-05-23T06:00:00,validate,-7.847263810461034,84.61028873697919,92.94166666666666,71.33333333333333,1.3333333333333333,0,21.8,3.0,3205.63779296875,695.9900480666065
46.787054,10.842526,2025-05-23T09:00:00,validate,-7.7472638104610345,81.94362207031249,577.3149999999999,75.0,1.3733333333333335,0,20.099999999999994,2.0,3205.63779296875,696.8567147332731
46.787054,10.842526,2025-05-23T12:00:00,validate,-6.180597143794367,73.27695540364583,951.0766666666666,32.0,1.3566666666666667,0,15.7,2.0,3205.63779296875,698.1244089594778
46.787054,10.842526,2025-05-23T15:00:00,validate,-4.847263810461034,70.61028873697917,822.0666666666667,33.666666666666664,1.3366666666666667,0,14.933333333333332,1.0,3205.63779296875,698.9597974118874
46.799324,12.48285,2025-05-23T06:00:00,validate,-4.207855743901794,84.94339534505208,89.52166666666668,100.0,0.45,0,12.8,3.0,2538.9937988281245,750.883775470997
46.799324,12.48285,2025-05-23T09:00:00,validate,-3.1745224105684606,80.94339534505208,522.0566666666667,100.0,0.45999999999999996,0,12.666666666666666,3.0,2538.9937988281245,752.0504421376637
46.799324,12.48285,2025-05-23T12:00:00,validate,-0.8411890772351276,70.27672867838542,869.7883333333332,84.0,0.45333333333333337,0,12.300000000000002,2.0,2538.9937988281245,753.4875064180571
46.799324,12.48285,2025-05-23T15:00:00,validate,-0.0411890772351276,66.61006201171875,669.6233333333333,88.33333333333331,0.44,0,13.966666666666667,3.0,2538.9937988281245,753.4208397513904
46.815218,10.767831,2025-05-23T06:00:00,validate,-8.62777569206513,91.49945621744793,84.64500000000001,88.66666666666669,1.1766666666666665,0,21.033333333333335,3.0,3106.7210449218755,694.5281322868663
46.815218,10.767831,2025-05-23T09:00:00,validate,-7.861421940470861,85.83278955078126,475.4433333333334,85.66666666666669,1.2066666666666668,0,17.933333333333334,71.00000000000001,3106.7210449218755,695.7287581170112
46.815218,10.767831,2025-05-23T12:00:00,validate,-6.661109025398462,80.83278955078124,912.8549999999999,66.66666666666667,1.1866666666666668,0,17.166666666666668,2.0,3106.7210449218755,696.9287581170111
46.815218,10.767831,2025-05-23T15:00:00,validate,-5.7941294436594,82.16612288411457,725.0716666666666,76.0,1.3026310494466147,0.13929771611328126,17.466666666666665,85.0,3106.7210449218755,697.1957376987501
46.829694,12.296404,2025-05-23T06:00:00,validate,-2.24598118351542,76.4814064584465,94.38116554741539,100.0,0.1617483947063701,0,10.025674988006656,3.0,2387.922730520125,768.0289639134484
46.829694,12.296404,2025-05-23T09:00:00,validate,-0.7383319566750511,68.42676912387243,538.6966889333748,78.6665754818036,0.2218576693755182,0,17.977061437965197,3.0,2387.922730520125,769.3666682335477
46.829694,12.296404,2025-05-23T12:00:00,validate,1.5605752966334676,51.74917499029097,881.1835189089543,70.08200159429263,0.20841506137303678,0,17.38962346567408,1.9672175992555605,2423.6059251644583,770.5043725536472
46.829694,12.296404,2025-05-23T15:00:00,validate,2.1261492166086526,50.71639258954653,631.5347388729544,66.02185493382963,0.1981965120347405,0,15.898907253308519,2.0,2478.9612958013477,770.4076507937216
46.832951,12.65344,2025-05-23T06:00:00,validate,-3.4963177246093746,74.32766829427082,85.72166666666666,99.99999999999999,0.39333333333333326,0,19.76666666666667,3.0,2160.5665039062496,754.1209331629551
46.832951,12.65344,2025-05-23T09:00:00,validate,-1.7963177246093742,66.66100162760416,463.28333333333336,99.99999999999999,0.44,0,23.3,3.0,2167.2331705729166,755.6891090112273
46.832951,12.65344,2025-05-23T12:00:00,validate,0.8703489420572921,52.9943349609375,842.5866666666667,84.66666666666667,0.43333333333333335,0,20.73333333333333,3.0,2260.56650390625,757.2572848594995
46.832951,12.65344,2025-05-23T15:00:00,validate,1.3370156087239589,51.66100162760416,698.2816666666665,62.333333333333336,0.42,0,20.999999999999996,1.0,2320.56650390625,757.0542664962885
46.835931,10.729114,2025-05-23T06:00:00,validate,-10.422439114814225,99.54337174479168,67.51333333333332,100.0,1.2666666666666666,0,21.1,77.0,3142.3294921875,673.7689985572729
46.835931,10.729114,2025-05-23T09:00:00,validate,-9.88910578148089,95.21003841145831,399.06333333333333,97.33333333333333,1.5922976559895836,0.2789643226562501,18.8,77.0,3142.3294921875,674.8681382859285
46.835931,10.729114,2025-05-23T12:00:00,validate,-8.622439114814224,91.21003841145833,836.0950000000001,99.66666666666669,1.2933333333333332,0,16.466666666666665,77.0,3142.3294921875,676.1664177432397
46.835931,10.729114,2025-05-23T15:00:00,validate,-7.68910578148089,90.876705078125,633.935,93.00000000000001,1.4992232419921876,0.20922324199218753,17.366666666666664,85.0,3142.3294921875,676.5348049525951
46.83799,10.942419,2025-05-23T06:00:00,validate,-7.191191397234066,99.00127416076884,74.51527469450366,100.00000000000001,1.1011181776362542,0,10.743029139419455,68.88252234960558,3083.437112632701,717.9310671436651
46.83799,10.942419,2025-05-23T09:00:00,validate,-6.9526681676987865,97.251569154871,448.1621513569496,97.8235435291338,1.2218565628686138,0,10.986624267515808,46.59872802547428,3083.437112632701,718.6362570398671
46.83799,10.942419,2025-05-23T12:00:00,validate,-4.6849635217917305,80.14777123083209,867.2428744424888,81.64590708185888,1.2018565628686138,0,13.319721605567398,2.0,3083.437112632701,719.9654384562386
46.83799,10.942419,2025-05-23T15:00:00,validate,-3.418296855125063,74.17891060804376,695.8165058698542,79.82236355272508,1.1591460170795138,0,15.60415191696156,2.0,3083.437112632701,720.3664764354792
46.839618,10.865568,2025-05-23T06:00:00,validate,-1.6517210838315117,79.16394340724156,100.58015017370244,71.18317625037054,0.7187142632525231,0,2.882813906361301,3.0,2907.7242057467774,795.2769366402721
46.839618,10.865568,2025-05-23T09:00:00,validate,-0.6580913843208425,73.90796372270724,557.0111924066479,84.3936537885525,0.8358814535290657,0,4.064729814316464,3.0,2907.7242057467774,796.507994866288
46.839618,10.865568,2025-05-23T12:00:00,validate,2.267506584132589,58.601931677185334,949.4774731416516,43.83164205849626,0.8389417739842847,0,9.806370300489329,1.0,2907.7242057467774,798.1399631352308
46.839618,10.865568,2025-05-23T15:00:00,validate,3.531443122018114,56.601931677185334,807.681366034488,28.80434077068484,0.8219110901467993,0,10.359841344713812,2.0,2907.7242057467774,798.4102699736053
46.839649,12.420596,2025-05-23T06:00:00,validate,-2.9475531813643814,82.10233634821468,98.93243724673823,99.99999999999999,0.2271921017086067,0,14.060098728642417,4.339859356947056,2645.234068797695,765.3593090142643
46.839649,12.420596,2025-05-23T09:00:00,validate,-1.7828568961049907,74.80184270500258,533.8931484503717,99.99999999999999,0.27372740961478836,0,14.021180552267946,3.0,2645.234068797695,766.491328759993
46.839649,12.420596,2025-05-23T12:00:00,validate,0.40991837206833415,66.40282999142674,816.0125946082137,87.74548192295768,0.25052543504194,0,12.34154116014312,2.0,2645.234068797695,767.7547114576473
46.839649,12.420596,2025-05-23T15:00:00,validate,1.6393109425871173,53.115472224263165,640.5325918364354,49.003263011806865,0.2371921017086067,0,15.282756019105554,2.019703814072751,2645.234068797695,767.9220349181164
46.84266,12.43196,2025-05-23T06:00:00,validate,-3.441181014972064,87.98945621744792,94.30333333333333,99.99999999999999,0.2433333333333333,0,14.1,3.0,2277.7210449218746,753.7252956546532
46.84266,12.43196,2025-05-23T09:00:00,validate,-1.6745143483053977,75.65612288411458,508.62999999999994,99.66666666666667,0.2899999999999999,0,13.499999999999998,3.0,2277.7210449218746,755.1252956546532
46.84266,12.43196,2025-05-23T12:00:00,validate,0.8588189850279355,63.322789550781245,835.1766666666665,92.66666666666666,0.28,0,12.233333333333333,2.0,2304.3877115885416,756.4913071458637
46.84266,12.43196,2025-05-23T15:00:00,validate,1.625485651694602,53.322789550781245,634.5049999999999,52.99999999999999,0.26999999999999996,0,13.599999999999998,2.0,2391.054378255208,756.2246404791969
46.844995,12.445929,2025-05-23T06:00:00,validate,-3.4435421524022685,82.89711051432293,98.895,99.99999999999999,0.22666666666666666,0,14.066666666666668,2.9999999999999996,2556.955615234375,756.4117023900728
46.844995,12.445929,2025-05-23T09:00:00,validate,-2.2435421524022683,75.56377718098958,534.28,99.99999999999999,0.2733333333333334,0,13.966666666666669,2.9999999999999996,2556.955615234375,757.5450357234059
46.844995,12.445929,2025-05-23T12:00:00,validate,-0.04354215240226833,67.23044384765625,817.0633333333333,87.66666666666669,0.25,0,12.266666666666666,2.0,2556.955615234375,758.8783690567392
46.844995,12.445929,2025-05-23T15:00:00,validate,1.1564578475977316,53.89711051432291,640.7116666666666,48.333333333333336,0.23666666666666664,0,15.2,2.0,2556.955615234375,758.9783690567393
46.849388,10.807402,2025-05-23T06:00:00,validate,-6.498357632434048,88.09927791675847,76.25716694568466,90.1381572468622,1.0011798033974992,0,24.0,4.022363626780401,3209.8002016184687,732.7295807951069
46.849388,10.807402,2025-05-23T09:00:00,validate,-6.096976059965424,86.7198921678044,400.33783403908467,78.93837591882902,1.1494758640195317,0,20.787850777852203,71.08289434811734,3209.8002016184687,733.5656772733777
46.849388,10.807402,2025-05-23T12:00:00,validate,-4.4714716372876175,79.11769888300677,864.867104821128,89.10131531436562,1.129614021266394,0,21.52043865695952,3.0,3209.8002016184687,734.9953264134613
46.849388,10.807402,2025-05-23T15:00:00,validate,-3.4061865430895732,78.13611984925507,690.9757942968217,60.44210318995909,1.2284559222349178,0.1318528673925122,21.895394758437924,85.0,3209.8002016184687,735.4624536042841
46.854733,10.822269,2025-05-23T06:00:00,validate,-6.845160017969056,80.67492952473958,93.22666666666665,75.66666666666667,0.7566666666666667,0,16.566666666666666,3.0,2705.8403808593744,710.5047205293131
46.854733,10.822269,2025-05-23T09:00:00,validate,-6.179131528788537,79.00826285807292,470.59833333333324,63.33333333333334,0.8733333333333334,0,13.466666666666667,3.0,2705.8403808593744,711.6367775076741
46.854733,10.822269,2025-05-23T12:00:00,validate,-4.077855173816245,71.67492952473958,938.7266666666666,56.33333333333334,0.8799999999999999,0,16.53333333333333,2.0,2705.8403808593744,713.2707490184936
46.854733,10.822269,2025-05-23T15:00:00,validate,-2.4451600179690574,68.34159619140625,827.6083333333332,32.333333333333336,0.8733333333333334,0,16.366666666666667,85.0,2705.8403808593744,714.1694726635212
46.85507,10.850117,2025-05-23T06:00:00,validate,-8.80105309881526,86.00839963303461,98.81975947535501,63.08813325314463,0.9838111492647804,0,17.93818734722644,2.9999999999999996,2809.586869040566,686.3644988654905
46.85507,10.850117,2025-05-23T09:00:00,validate,-8.361021638242931,83.97314633177675,533.7415225429672,63.558954461383614,1.1334586162522016,0,14.620170236295618,2.9999999999999996,2809.586869040566,687.4006524629244
46.85507,10.850117,2025-05-23T12:00:00,validate,-6.351503246903311,74.90616505938681,946.0811856173767,37.73364793905659,1.1137053893610065,0,17.154718471528316,1.9894240096226432,2809.586869040566,688.9704919267042
46.85507,10.850117,2025-05-23T15:00:00,validate,-5.151503246903311,71.91674104976417,807.0333726590486,14.15863985566035,1.077250242501887,0,17.259653933704413,2.0,2809.586869040566,689.6676716626037
46.855654,12.505757,2025-05-23T06:00:00,validate,-4.887899598216174,85.97460400390625,91.19999999999999,100.0,0.41666666666666674,0,12.733333333333334,70.99999999999999,2552.539599609375,748.9941105600575
46.855654,12.505757,2025-05-23T09:00:00,validate,-3.7553467708955734,81.97460400390625,489.0283333333332,100.0,0.42999999999999994,0,12.899999999999999,3.0,2552.539599609375,750.1948910660702
46.855654,12.505757,2025-05-23T12:00:00,validate,-1.455346770895574,70.64127067057292,862.5049999999999,78.33333333333333,0.4266666666666667,0,11.799999999999999,2.0,2552.539599609375,751.5646797567878
46.855654,12.505757,2025-05-23T15:00:00,validate,-0.6894606102416396,69.64127067057292,634.7583333333332,64.33333333333333,0.41333333333333333,0,12.03333333333333,2.0,2552.539599609375,751.5980130901211
46.857251,11.037056,2025-05-23T06:00:00,validate,-4.932415834556139,99.51641943359374,47.151666666666664,100.0,0.6266666666666667,0,13.566666666666668,77.0,2578.3580566406254,751.588600226819
46.857251,11.037056,2025-05-23T09:00:00,validate,-4.365078674420127,97.51641943359375,327.78166666666664,98.66666666666669,0.7633333333333333,0,12.6,77.0,2578.3580566406254,752.4219335601523
46.857251,11.037056,2025-05-23T12:00:00,validate,-1.6984120077534615,78.18308610026041,813.77,83.33333333333333,0.7533333333333333,0,14.500000000000002,3.0,2578.3580566406254,753.7566078804242
46.857251,11.037056,2025-05-23T15:00:00,validate,-0.9310748476174513,78.84975276692707,694.1966666666665,76.0,0.7233333333333333,0,14.3,2.0,2578.3580566406254,753.8912822006964
46.864622,12.419968,2025-05-23T06:00:00,validate,-2.490578328773253,85.50560437016465,96.76699502560604,100.0,0.2007441211013437,0,9.230382035969221,3.948754404213215,2552.137001975906,773.4636295777095
46.864622,12.419968,2025-05-23T09:00:00,validate,-1.391043404461592,80.16762027994793,466.3418318187019,100.0,0.2571782499238404,0,15.352866512243608,2.9999999999999996,2552.137001975906,774.3330866985063
46.864622,12.419968,2025-05-23T12:00:00,validate,0.47608833789341437,68.82963618973119,693.5744404847811,83.12091967896835,0.24379840902167313,0,16.329612727826614,2.0,2552.137001975906,775.2020787436146
46.864622,12.419968,2025-05-23T15:00:00,validate,1.5751581865167346,57.50095361328125,616.7603072262672,96.13800154423059,0.2304650756883398,0,17.395036283655397,2.0139522706501944,2571.857956562902,775.3030088949913
46.868369,10.834711,2025-05-23T06:00:00,validate,-8.236780283428496,84.71761284936686,97.77321655313612,63.95293127319153,0.9890489948496456,0,18.231654978533037,5.557868154356227,2973.9948627010917,698.8120997473187
46.868369,10.834711,2025-05-23T09:00:00,validate,-7.835526426490085,82.74268998813506,527.0572384033819,64.24864889837258,1.1385474520742813,0,14.912634875525951,5.557868154356227,2973.9948627010917,699.8404176528983
46.868369,10.834711,2025-05-23T12:00:00,validate,-5.844303425058955,73.79284426567145,943.2031226366474,39.798223461963524,1.1185474520742813,0,17.303549321884287,5.12210377664069,2973.9948627010917,701.4083381765034
46.868369,10.834711,2025-05-23T15:00:00,validate,-4.651826566689414,70.83045997382374,802.0375959489336,16.608022431892625,1.0871114531330504,0.005230667725435522,17.444926600851815,5.12210377664069,2973.9948627010917,702.10332274875
46.869321,10.969862,2025-05-23T06:00:00,validate,-7.842326876513099,95.95798567708333,77.58333333333333,100.0,1.3433333333333335,0,7.933333333333334,3.0,3187.5347656250005,707.9928509761713
46.869321,10.969862,2025-05-23T09:00:00,validate,-7.507648993065856,91.62465234375,477.2166666666666,92.33333333333331,1.3833333333333333,0,9.533333333333333,3.0,3187.5347656250005,708.8581730927241
46.869321,10.969862,2025-05-23T12:00:00,validate,-5.207648993065855,71.29131901041667,895.4383333333333,81.0,1.3633333333333333,0,13.933333333333332,2.0,3187.5347656250005,710.0628790181225
46.869321,10.969862,2025-05-23T15:00:00,validate,-3.908321268122812,66.29131901041667,731.4366666666667,84.66666666666667,1.3399999999999999,0,15.733333333333334,2.0,3187.5347656250005,710.4989014516838
46.869965,10.842616,2025-05-23T06:00:00,validate,-9.499444479093349,96.55261459293172,78.32602276580936,92.7483499254005,1.3335846664371294,0,25.27807174757846,71.11309989670835,3242.2817035287503,689.6535132015115
46.869965,10.842616,2025-05-23T09:00:00,validate,-9.134034477945665,93.9173645642396,392.37245257161624,89.72321661502086,1.3763525002869212,0,22.207603387274524,77.0,3242.2817035287503,690.5509998704733
46.869965,10.842616,2025-05-23T12:00:00,validate,-7.50007281185284,85.57146457571643,915.6035650283777,87.73578327021067,1.3697486668962038,0,21.427741732658554,3.3006488121460595,3242.2817035287503,692.0868465348447
46.869965,10.842616,2025-05-23T15:00:00,validate,-6.435291143464646,84.25069789757292,703.25047985844,70.5218331611806,1.4930307549495891,0.13661542138671876,22.25350337579768,83.4354514288678,3242.2817035287503,692.8176665371402
46.871224,12.363329,2025-05-23T06:00:00,validate,-5.054726017818632,80.95890527343751,100.95333333333333,100.0,0.26333333333333336,0,13.566666666666668,3.0,2614.10947265625,737.7498666985621
46.871224,12.363329,2025-05-23T09:00:00,validate,-3.9888452909040715,77.29223860677082,520.3149999999999,100.0,0.31,0,14.633333333333333,3.0,2614.10947265625,738.8839859716476
46.871224,12.363329,2025-05-23T12:00:00,validate,-1.888845290904071,63.29223860677083,781.9449999999999,89.0,0.2966666666666667,0,16.73333333333333,2.0,2614.10947265625,740.0537963973226
46.871224,12.363329,2025-05-23T15:00:00,validate,-0.8555119575707377,53.29223860677084,640.49,76.0,0.2866666666666667,0,19.400000000000002,2.0,2614.10947265625,740.2561542165789
46.872146,10.646064,2025-05-23T06:00:00,validate,-5.302126549666978,91.10466368181284,83.58664970546035,95.41528754288115,0.727964274984507,0,18.17980049266322,3.0,2722.181369347206,742.9301388180463
46.872146,10.646064,2025-05-23T09:00:00,validate,-4.79871179093582,88.79864841832875,372.85276654002627,99.2786971936348,0.8642418930104533,0.0028076943433666167,15.340031548563633,71.1229313143217,2722.181369347206,743.8627891996334
46.872146,10.646064,2025-05-23T12:00:00,validate,-2.6334110277616167,77.4175084627592,751.7890776678653,82.10927227939709,1.0536567013689098,0.20555583603515631,15.987706868567829,85.0,2722.181369347206,745.2315047215387
46.872146,10.646064,2025-05-23T15:00:00,validate,-1.7340939795078483,73.34921328813604,571.2497734956415,73.58602547943907,1.1497474220360073,0.33838151854354387,17.333202031101315,85.0,2722.181369347206,745.5627891996336
46.87233,12.302378,2025-05-23T06:00:00,validate,-3.4589608800846556,81.2179423828125,97.37500000000001,100.0,0.2233333333333333,0,16.0,3.0,2488.20576171875,755.5800937267322
46.87233,12.302378,2025-05-23T09:00:00,validate,-1.9589608800846556,71.88460904947917,527.915,95.33333333333331,0.29,0,20.533333333333335,3.0,2488.20576171875,756.8134270600656
46.87233,12.302378,2025-05-23T12:00:00,validate,0.20770578658201094,56.217942382812495,899.5866666666667,74.0,0.2833333333333334,0,18.599999999999998,1.0,2494.8724283854167,758.0510060181393
46.87233,12.302378,2025-05-23T15:00:00,validate,0.7410391199153443,55.88460904947915,687.5466666666666,78.66666666666667,0.27,0,18.56666666666667,2.0,2501.5390950520837,758.1843393514727
46.872975,11.009208,2025-05-23T06:00:00,validate,-5.1182823940926285,97.95860618241932,51.182266017189065,100.00000000000001,0.6676748165576999,0,13.696096174294329,71.0,2600.588814754595,747.0597438802846
46.872975,11.009208,2025-05-23T09:00:00,validate,-4.25390697717831,89.67109784413297,338.9713049992223,89.12372748662682,0.8110081498910334,0,12.916598509014513,71.08248499108456,2600.588814754595,748.0583691304331
46.872975,11.009208,2025-05-23T12:00:00,validate,-1.3895315602639906,72.94027618440053,842.2713060123588,80.5578758090635,0.8042956582293198,0,15.090597174888691,2.0137474985140917,2600.588814754595,749.4254940470503
46.872975,11.009208,2025-05-23T15:00:00,validate,-0.489073310313521,70.94027618440052,677.2495665479087,82.22454247573017,0.7709623248959864,0,14.77696858942556,2.0,2600.588814754595,749.6907859638653
46.87319,10.900737,2025-05-23T06:00:00,validate,-6.414324759994193,78.78290073616185,94.08439305468602,60.43446779163388,0.8566543552949131,0,8.854530531670601,3.0,2761.3053885506133,716.3023094521527
46.87319,10.900737,2025-05-23T09:00:00,validate,-5.890052490002064,78.9139651528941,526.3896113230724,64.5048515333858,1.0078638650039349,0,6.403116109560707,3.0,2761.3053885506133,717.3821235983984
46.87319,10.900737,2025-05-23T12:00:00,validate,-3.5183291004203694,65.48961080709027,929.0834216287304,31.484624641725695,0.991702870628771,0,10.236326329176503,1.0303403374901627,2761.3053885506133,718.8750441863174
46.87319,10.900737,2025-05-23T15:00:00,validate,-2.451662433753703,63.47949736126022,798.5996420268373,14.41383052091531,0.9487740751286398,0,9.818122126682407,2.0,2761.3053885506133,719.3053434859017
46.879054,10.801608,2025-05-23T06:00:00,validate,-10.338415232304776,99.6221181640625,61.59166666666666,100.0,1.286666666666667,0,15.933333333333332,77.0,3197.7881835937505,673.1451481021452
46.879054,10.801608,2025-05-23T09:00:00,validate,-9.87277043381443,96.95545149739581,306.24833333333333,98.33333333333331,1.3166666666666664,0,15.333333333333336,77.0,3197.7881835937505,673.9784814354783
46.879054,10.801608,2025-05-23T12:00:00,validate,-8.570726697461785,92.6221181640625,836.6966666666666,96.33333333333333,1.3692064481445314,0.06920644814453125,15.0,85.0,3197.7881835937505,675.345148102145
46.879054,10.801608,2025-05-23T15:00:00,validate,-7.704060030795118,91.28878483072918,635.4866666666666,90.99999999999999,1.566825792578125,0.276825792578125,16.2,85.0,3197.7881835937505,675.8118147688117
46.882646,10.200006,2025-05-23T06:00:00,validate,-3.1062422154887814,88.18621725538577,44.3399067441706,96.02241199385645,1.8960203084636356,1.465385301971036,5.779758359862173,72.97758800614355,2476.262672208791,775.378947037577
46.882646,10.200006,2025-05-23T09:00:00,validate,-2.477391280926739,81.56810990874142,305.1032662028524,88.04108865540351,0.8150665098231145,0.4001269835967351,9.81383875965739,71.0,2476.262672208791,776.7418783719343
46.882646,10.200006,2025-05-23T12:00:00,validate,-1.3466726802099926,73.95000256209707,676.0247501642576,77.02614732616586,0.4382728595597127,0,7.740822028064728,71.0,2476.262672208791,777.9422519051651
46.882646,10.200006,2025-05-23T15:00:00,validate,-0.6766442144648571,73.58305123797906,556.6766491918919,89.00747066461882,0.4313073663082932,0,7.24576683584655,85.0,2476.262672208791,778.1126539041412
46.885163,10.825278,2025-05-23T06:00:00,validate,-9.710998343216582,97.61016419981411,77.8412078060296,92.88648084636387,1.3319345158261695,0,25.083905699147106,71.17984796520679,3140.3101562500005,683.5217857494134
46.885163,10.825278,2025-05-23T09:00:00,validate,-9.342333365825395,94.94349753314746,390.75209075183506,89.92644706085426,1.374868187014599,0,22.0588423513166,77.0,3140.3101562500005,684.4187882833264
46.885163,10.825278,2025-05-23T12:00:00,validate,-7.716993275390141,86.73006284328531,914.5961682345767,87.92644706085426,1.370012394124168,0.0021106203849137212,21.305164704359314,4.487896852027224,3140.3101562500005,685.9461266844863
46.885163,10.825278,2025-05-23T15:00:00,validate,-6.656321540897034,85.39672950995198,702.5736191210497,70.9528096579345,1.4997165701494741,0.14504821420732747,22.117154568706432,85.00000000000001,3140.3101562500005,686.604800108255
46.887466,10.23531,2025-05-23T06:00:00,validate,-6.523720173036227,92.50519247150804,61.52870531202043,98.31640630262783,1.2943013596301758,0.7646724625900474,16.39069013311198,84.79687563153406,2881.9546827634945,721.780137090232
46.887466,10.23531,2025-05-23T09:00:00,validate,-6.259592560975386,87.24803077634945,471.25517924012473,89.42643200221353,1.0209793015313522,0.4103347826488942,20.802018326528163,84.79687563153406,2881.9546827634945,722.6818297933025
46.887466,10.23531,2025-05-23T12:00:00,validate,-4.998850355055642,81.94855150442712,846.0136038692807,83.86132751977988,0.6183996415481435,0.0034582402977883387,18.95768242323626,71.35546764481539,2881.9546827634945,724.1459574053634
46.887466,10.23531,2025-05-23T15:00:00,validate,-3.838954500671174,79.62368168644652,710.6569113009375,82.03906134218757,0.5865012510921946,0.0017291201488941694,16.040950497150803,85.0,2881.9546827634945,724.7767516840909
46.888878,12.565989,2025-05-23T06:00:00,validate,-3.549207793977284,82.45173242187501,96.86833333333333,100.0,0.35000000000000003,0,14.366666666666669,3.0,2444.8267578125,763.095485141122
46.888878,12.565989,2025-05-23T09:00:00,validate,-2.5158744606439507,77.78506575520832,518.1616666666666,100.0,0.38999999999999996,0,17.466666666666665,3.0,2444.8267578125,764.0640123810414
46.888878,12.565989,2025-05-23T12:00:00,validate,-0.016804747270372233,65.451732421875,903.7033333333334,77.33333333333333,0.38333333333333325,0,16.1,3.0,2444.8267578125,765.5306790477082
46.888878,12.565989,2025-05-23T15:00:00,validate,0.7155982994365389,61.78506575520834,676.0833333333333,78.66666666666667,0.37333333333333335,0,14.300000000000002,2.0,2444.8267578125,765.595485141122
46.888908,10.92827,2025-05-23T06:00:00,validate,-6.556078980795673,87.70017643229168,85.94333333333331,86.0,1.2366666666666666,0,18.666666666666668,71.0,3136.6490234375,725.2218644112477
46.888908,10.92827,2025-05-23T09:00:00,validate,-6.188375198454139,84.70017643229167,459.135,71.0,1.25,0,15.966666666666667,3.0000000000000004,3136.6490234375,726.0906053092639
46.888908,10.92827,2025-05-23T12:00:00,validate,-4.190449429803874,77.033509765625,922.2916666666666,56.333333333333336,1.2466666666666668,0,14.766666666666666,2.0,3136.6490234375,727.524975758272
46.888908,10.92827,2025-05-23T15:00:00,validate,-3.2206714161126047,76.033509765625,755.915,50.666666666666664,1.2266666666666666,0,15.233333333333336,2.0,3136.6490234375,727.8249757582722
46.890934,10.966628,2025-05-23T06:00:00,validate,-2.7080189706021383,82.51756366969632,79.78986076827029,78.24413343853038,0.39173852600165576,0,6.078133540294608,3.8211761114204092,2401.8474397447094,777.798982861523
46.890934,10.966628,2025-05-23T09:00:00,validate,-1.3131975586921756,76.21012327681318,460.3789619751566,69.92929506266148,0.38273725370473477,0,6.14369050951341,3.8211761114204092,2401.8474397447094,779.2286172033636
46.890934,10.966628,2025-05-23T12:00:00,validate,1.1649359816024332,61.42138989088132,866.9098919946568,32.0957496798413,0.4057746677186372,0,8.181050323591545,2.0,2408.440126581518,780.1708281162798
46.890934,10.966628,2025-05-23T15:00:00,validate,2.128643455074792,58.473175771781705,737.6337872422105,35.629252652764116,0.4021454150658732,0,9.147716990258214,2.0,2454.5889344391812,780.271198015429
46.893819,10.909001,2025-05-23T06:00:00,validate,-8.909583497247397,92.34273376476212,85.19673692911299,96.02994754369298,1.3207986011651465,0,21.475043713589173,5.2161182332812155,3290.6612918431797,689.8725007887855
46.893819,10.909001,2025-05-23T09:00:00,validate,-8.350902842232191,89.4026288521481,432.030100182341,90.40321093528362,1.3405989508738598,0,18.292621204533923,5.2161182332812155,3290.6612918431797,691.0271884379749
46.893819,10.909001,2025-05-23T12:00:00,validate,-6.619566011811725,82.6660845835311,879.2998100618358,60.615005550277985,1.3243315847897665,0,17.699001748543566,4.066380514816268,3290.6612918431797,692.4655130285905
46.893819,10.909001,2025-05-23T15:00:00,validate,-5.4265537720067565,83.61617201070945,700.2782190730859,73.86631695795326,1.3820053089037678,0.07100705744733504,18.18424415761142,2.0,3290.6612918431797,693.1948533560982
46.893973,10.915155,2025-05-23T06:00:00,validate,-6.740246408491821,91.81965921619047,88.13402182187936,96.97907628138391,0.8565705601449424,0,17.68160250260269,75.4516448224104,3034.2414482370555,721.7754354553153
46.893973,10.915155,2025-05-23T09:00:00,validate,-5.879856857409977,88.49330045572917,480.0196144959186,90.00697457287201,0.8765705601449425,0,15.59052483088394,75.4516448224104,3034.2414482370555,723.0400097501202
46.893973,10.915155,2025-05-23T12:00:00,validate,-3.4285342510617665,87.04837395644341,882.4435986791818,79.24819229434515,0.8533767182690496,0,15.121765792355667,83.26333135486571,3034.2414482370555,724.8649735960072
46.893973,10.915155,2025-05-23T15:00:00,validate,-2.1632624989695057,82.17391626813988,748.9671274479803,76.93025427127974,0.8414564877515359,0.0014131028158196348,17.28480055613393,2.0,3034.2414482370555,725.4024916730639
46.894311,10.988322,2025-05-23T06:00:00,validate,-5.552476638390992,98.38083539336854,51.104883627811866,100.0,0.6652817839691305,0,13.68972873902577,71.0692441348768,2556.0191732728863,739.8060477746177
46.894311,10.988322,2025-05-23T09:00:00,validate,-4.685040592447917,90.0975117130018,338.0873118799303,89.05000965296658,0.8078842069898753,0,12.931525244399602,71.0692441348768,2556.0191732728863,740.8401504872273
46.894311,10.988322,2025-05-23T12:00:00,validate,-1.8440134663504941,73.32697884401992,841.9388976283973,80.21792644187198,0.8012560092870291,0,15.135122116333898,2.0,2556.0191732728863,742.2439973836094
46.894311,10.988322,2025-05-23T15:00:00,validate,-0.9133729604845924,71.36929470422241,677.3583142179369,81.76918621707732,0.7679611449175162,0,14.816791678890542,2.0,2556.0191732728863,742.4761766480281
46.895323,10.717346,2025-05-23T06:00:00,validate,-4.788720115847621,98.68868883080263,54.40475342091529,99.97589559589211,0.4804028493033901,0,6.121091353594406,77.0,2410.829811868388,752.2873921139617
46.895323,10.717346,2025-05-23T09:00:00,validate,-3.928079550207928,93.04612656824385,241.7208041174038,99.94576509075725,0.6453072968092117,0.13630942851052347,7.532128113127939,84.85537357535264,2410.829811868388,753.3159045664733
46.895323,10.717346,2025-05-23T12:00:00,validate,-2.194746216874594,83.75497594209934,615.3359604527421,97.89153018151448,1.0783800847438205,0.5565309711939569,7.9387568242576085,85.0,2410.829811868388,754.4837764533455
46.895323,10.717346,2025-05-23T15:00:00,validate,-1.0917331663611074,72.73689763901842,462.02723703743817,95.67871886872064,0.6297841731176123,0.14132865391135158,7.5088493738554805,85.0,2410.829811868388,754.6189176169869
46.895937,12.74655,2025-05-23T06:00:00,validate,-5.667588332399658,82.02167740885419,94.96833333333332,100.0,1.1133333333333333,0,9.133333333333335,3.0000000000000004,2604.49892578125,726.3908988607278
46.895937,12.74655,2025-05-23T09:00:00,validate,-4.934254999066324,74.35501074218752,539.1883333333334,100.0,1.08,0,10.433333333333335,3.0000000000000004,2604.49892578125,727.4592459176704
46.895937,12.74655,2025-05-23T12:00:00,validate,-2.4342549990663254,65.02167740885417,848.3499999999999,96.66666666666669,1.08,0,10.8,3.0000000000000004,2604.49892578125,729.3626066982222
46.895937,12.74655,2025-05-23T15:00:00,validate,-1.7342549990663252,57.35501074218751,762.5966666666666,24.333333333333332,1.07,0,15.3,1.0,2604.49892578125,729.525912584337
46.903241,10.229695,2025-05-23T06:00:00,validate,-6.443825667317709,96.16754580683562,50.611781763668,97.66198609584414,2.0326005376846443,1.3912798498049992,16.025844420017282,76.91574972519446,2861.9449875354626,724.9643532067931
46.903241,10.229695,2025-05-23T09:00:00,validate,-6.2433576102354555,93.79208733609954,348.8570995859674,92.97659714588734,1.248594351963297,0.4879757497070312,19.59063885835494,76.91574972519446,2861.9449875354626,725.9634170926286
46.903241,10.229695,2025-05-23T12:00:00,validate,-5.175754829404283,89.77804562363195,721.6419309941234,91.22568020441511,0.8137520845917785,0.13844278346364564,17.33473750458009,84.99999999999999,2861.9449875354626,727.2629490355462
46.903241,10.229695,2025-05-23T15:00:00,validate,-4.304407591915085,87.78272619445447,584.8019354738288,96.29120819593055,0.708353455848185,0.06971082138671876,16.321163849194754,84.99999999999999,2861.9449875354626,727.6671615492866
46.904684,11.020752,2025-05-23T06:00:00,validate,-3.6490591211248233,95.34564709155042,51.15300449062834,100.00000000000001,0.6688774238348312,0,13.755437423907734,70.75786945301054,2863.1550471309997,774.4837823355822
46.904684,11.020752,2025-05-23T09:00:00,validate,-2.7866034204927566,87.07898738709825,338.36434718814013,89.063164490519,0.8123160313190296,0,12.994034464784317,70.75786945301054,2863.1550471309997,775.4827295940736
46.904684,11.020752,2025-05-23T12:00:00,validate,0.0776068493203943,70.3877567518964,842.2389967625703,80.38246127040367,0.805544090501498,0,15.163157528304499,2.0,2863.1550471309997,776.9178174965881
46.904684,11.020752,2025-05-23T15:00:00,validate,0.9800632461739107,68.36319278336124,677.3926876577435,81.8666527422377,0.7721405744009213,0,14.838597040876584,2.0,2863.1550471309997,777.1539581406109
46.904776,12.15995,2025-05-23T06:00:00,validate,-2.8049940081120392,70.80551712914466,95.33703597405821,100.0,0.3324331655851426,0,19.40240577850574,71.0,2542.5688478280576,760.1155360426226
46.904776,12.15995,2025-05-23T09:00:00,validate,-2.607743170561199,68.8440054034329,563.9276290550774,63.47285594125546,0.38342286406684006,0,19.376220267540223,2.0,2542.5688478280576,760.9133367126634
46.904776,12.15995,2025-05-23T12:00:00,validate,-0.4793583296363534,62.794520479348016,912.0276080965876,31.169078717877856,0.35703111364508927,0,13.440894052793976,2.0,2542.5688478280576,762.5761545519011
46.904776,12.15995,2025-05-23T15:00:00,validate,0.8823598446218262,61.42269887172646,715.3298109278737,57.624744552944264,0.3414434671034451,0,13.354639865039777,2.9835050253050426,2542.5688478280576,763.1422713860782
46.91122,10.835878,2025-05-23T06:00:00,validate,-7.100066613446515,96.50533533729772,61.74707480144867,99.99242152834984,0.765982215832663,0,1.9371583949407398,76.86358751029685,2550.065578845779,715.3516996720539
46.91122,10.835878,2025-05-23T09:00:00,validate,-6.519758697809533,94.40681520584543,251.58685387964064,97.27270556013191,0.9119656258580698,0,2.0735350588615837,76.86358751029685,2550.065578845779,716.1918536298723
46.91122,10.835878,2025-05-23T12:00:00,validate,-4.341724323667602,78.75530548247912,714.4594045591986,96.49236181871264,0.9023445494405787,0,3.263647219934036,85.0,2550.2171482787826,717.6198820330505
46.91122,10.835878,2025-05-23T15:00:00,validate,-3.002328213014128,71.34618743264403,553.5139687369186,85.51509723366316,0.9382873417386053,0.07170004236667243,8.189378197762316,2.022735414950527,2550.8234260107965,717.9198820330504
46.918737,10.912415,2025-05-23T06:00:00,validate,-7.997466236654706,87.58635807291668,85.94333333333333,86.0,1.2366666666666668,0,18.666666666666668,71.0,3148.030859375,705.6893677079345
46.918737,10.912415,2025-05-23T09:00:00,validate,-7.630799569988039,84.58635807291668,459.135,71.0,1.2500000000000002,0,15.966666666666669,3.0000000000000004,3148.030859375,706.6217010365428
46.918737,10.912415,2025-05-23T12:00:00,validate,-5.63079956998804,76.91969140625,922.2916666666666,56.333333333333336,1.246666666666667,0,14.766666666666666,2.0,3148.030859375,708.1237010459929
46.918737,10.912415,2025-05-23T15:00:00,validate,-4.664132903321372,75.91969140625001,755.915,50.666666666666664,1.2266666666666666,0,15.233333333333336,2.0,3148.030859375,708.5257010554429
46.920424,10.934154,2025-05-23T06:00:00,validate,-7.711406179654977,92.81042285156249,88.19166666666666,97.0,0.8466666666666668,0,17.599999999999998,77.0,2928.95771484375,705.9195265702142
46.920424,10.934154,2025-05-23T09:00:00,validate,-6.844739512988311,89.47708951822918,480.985,90.0,0.8666666666666667,0,15.533333333333335,77.0,2928.95771484375,707.1861932368811
46.920424,10.934154,2025-05-23T12:00:00,validate,-4.378072846321644,88.1437561848958,882.4866666666668,79.66666666666667,0.8433333333333333,0,15.066666666666668,85.0,2928.95771484375,709.052535405346
46.920424,10.934154,2025-05-23T15:00:00,validate,-3.1444150147868064,83.14375618489582,749.9616666666667,77.0,0.8300000000000001,0,17.266666666666666,2.0,2928.95771484375,709.6198510684159
46.920884,10.722376,2025-05-23T06:00:00,validate,-4.583346446365016,96.87937630208333,68.24166666666666,98.66666666666669,0.6833333333333332,0,7.266666666666665,77.0,2575.395703125,754.6168794006823
46.920884,10.722376,2025-05-23T09:00:00,validate,-4.01726737219889,92.54604296875,269.7366666666667,97.0,0.8166666666666665,0,7.466666666666668,77.0,2575.395703125,755.416879400682
46.920884,10.722376,2025-05-23T12:00:00,validate,-2.3166797796983474,85.54604296875,580.3549999999999,92.0,1.4247535454427083,0.621420212109375,8.233333333333334,85.0,2575.395703125,756.6174669931827
46.920884,10.722376,2025-05-23T15:00:00,validate,-1.082758853864472,73.54604296875,443.6816666666666,96.33333333333333,1.0428534276041668,0.27618676093750005,9.799999999999999,85.0,2575.395703125,756.8186421781836
46.931896,10.099215,2025-05-23T06:00:00,validate,-2.930686779503809,98.26870490421808,41.86030247753645,98.3734985630225,2.1991038190641308,1.766091807568311,8.373085488799568,85.0,2381.522900390625,776.4758780774323
46.931896,10.099215,2025-05-23T09:00:00,validate,-2.5648234174309263,95.8711072033821,257.24524537541384,94.95983477031083,1.0932006337264095,0.6800279613118327,9.406020977144694,85.0,2381.522900390625,777.6108180199533
46.931896,10.099215,2025-05-23T12:00:00,validate,-1.2941402277953418,82.2044405367154,669.7077940599659,80.12852873500536,0.5667868937347015,0.1336945517795031,6.820480459832796,84.66261207061093,2381.522900390625,778.6473645716619
46.931896,10.099215,2025-05-23T15:00:00,validate,-0.8274735611286753,90.45744341067038,475.5967749827217,91.61043534510183,0.41983933908124327,0,9.386741666893888,85.0,2381.522900390625,778.7798946004011
46.932142,10.889283,2025-05-23T06:00:00,validate,-5.781770724930687,93.62009507944421,62.07983085196525,99.97161189772261,0.7895145516314496,0,2.0632769617802476,77.0,2878.335298687714,742.1384040944811
46.932142,10.889283,2025-05-23T09:00:00,validate,-5.2236204889472395,91.61063237868508,252.36789723841366,97.21031822346461,0.9363918603809359,0,2.1632769617802485,77.0,2878.335298687714,742.9984468706166
46.932142,10.889283,2025-05-23T12:00:00,validate,-3.070201603343357,76.13321972720105,717.0528269342332,96.68559206818495,0.9262972333733447,0,3.4490829106415495,85.00000000000001,2878.335298687714,744.4613284569796
46.932142,10.889283,2025-05-23T15:00:00,validate,-1.7434921605414169,68.87558799994079,552.6471223934008,85.85592068184934,0.958980638829201,0.06878231007697522,8.445297830337898,2.0,2878.335298687714,744.7651135372834
46.932571,12.303456,2025-05-23T06:00:00,validate,-4.3224212125591475,74.32740541756269,102.01917666818024,100.0,0.26609701762352184,0,16.8123737530044,3.0,2472.604188684422,747.9593840711427
46.932571,12.303456,2025-05-23T09:00:00,validate,-3.1610693233736136,69.36992363741173,591.3509710936148,59.74788597686161,0.3260970176235218,0,17.827255129951567,2.0,2472.604188684422,749.388465582491
46.932571,12.303456,2025-05-23T12:00:00,validate,-1.1234841680553742,60.01533119415388,922.9169215382285,74.10629554962263,0.3128699798398111,0,15.12938104094402,2.0,2472.604188684422,750.7561952046537
46.932571,12.303456,2025-05-23T15:00:00,validate,-0.4869619682333619,58.35929408244949,773.1521273711836,42.680291517584855,0.2930825709390563,0,17.43758515531824,2.0,2472.604188684422,750.8636358931276
46.93297,12.275788,2025-05-23T06:00:00,validate,-3.2668833348551276,72.95928986381864,101.9866873555195,100.0,0.27198493294841525,0,16.77554010216932,3.0000000000000004,2605.778651707094,766.7847304942757
46.93297,12.275788,2025-05-23T09:00:00,validate,-2.1151905905991795,68.00365704133188,591.2877927981176,59.37215461365742,0.3320958508921983,0,17.788295665704368,2.0,2605.778651707094,768.1430783151587
46.93297,12.275788,2025-05-23T12:00:00,validate,-0.08130266754693016,58.72023678270094,923.0214154226335,73.84471487870366,0.3188734355026481,0,15.093286973174612,2.0,2605.778651707094,769.5136271098577
46.93297,12.275788,2025-05-23T15:00:00,validate,0.5575765629755584,57.06466191041259,773.1596349672761,41.97781641124338,0.2989288944745396,0,17.45828987068453,2.0,2605.778651707094,769.6180638276091
46.934534,10.70158,2025-05-23T06:00:00,validate,-6.13012507172908,99.32583235677082,65.17,100.0,0.84,0,4.6000000000000005,77.0,2690.750097656249,730.3316677879961
46.934534,10.70158,2025-05-23T09:00:00,validate,-5.63012507172908,94.65916569010419,274.1066666666666,100.0,1.1899527438476563,0.2099527438476563,4.8999999999999995,85.00000000000001,2690.750097656249,731.0983344546626
46.934534,10.70158,2025-05-23T12:00:00,validate,-3.930125071729081,87.32583235677082,599.26,98.0,1.603191564876302,0.6298582315429688,4.999999999999999,85.00000000000001,2690.750097656249,732.3322235790499
46.934534,10.70158,2025-05-23T15:00:00,validate,-2.963458405062415,80.9924990234375,441.1166666666666,100.0,1.2799212397460937,0.34992123974609385,5.6,85.00000000000001,2690.750097656249,732.565556912383
46.938306,10.819304,2025-05-23T06:00:00,validate,-6.708550018138802,91.73998954901757,66.33021657319917,97.80065285458912,0.9062802258746627,0,2.7102272451095475,71.0,2652.633060053043,718.9785836665861
46.938306,10.819304,2025-05-23T09:00:00,validate,-6.387442673330592,90.99123876365229,288.3307155040673,98.32660388920105,1.0445212804739783,0,3.49498305163695,71.0,2652.633060053043,719.5330243447276
46.938306,10.819304,2025-05-23T12:00:00,validate,-4.692632880252977,81.65117598618667,701.2037044831296,91.37350909988596,1.3113053258786478,0.27643225632453255,5.042041431057088,82.11532954287779,2652.633060053043,720.6517864290015
46.938306,10.819304,2025-05-23T15:00:00,validate,-3.609549389846591,76.91415150349265,604.3849047077923,94.05016948363048,1.0675489930220063,0.06910806408113314,8.822433143810557,82.11532954287779,2652.633060053043,721.0219709864696
46.938705,10.243978,2025-05-23T06:00:00,validate,-6.013535346246867,96.37416015624999,52.18666666666667,93.33333333333331,1.4843336419270834,0.99100030859375,12.1,77.0,2522.5839843749995,731.6254406994186
46.938705,10.243978,2025-05-23T09:00:00,validate,-5.546868679580201,91.70749348958331,379.93666666666667,91.66666666666667,1.0221668209635417,0.495500154296875,14.733333333333334,85.0,2522.5839843749995,732.6921073660853
46.938705,10.243978,2025-05-23T09:00:00,validate,-5.546868679580201,91.70749348958331,379.93666666666667,91.66666666666667,1.0221668209635417,0.495500154296875,14.733333333333334,85.0,2522.5839843749995,732.6921073660853
46.938705,10.243978,2025-05-23T12:00:00,validate,-4.3135353462468675,84.37416015625,718.1049999999998,86.0,0.6174524029947916,0.07078573632812502,13.7,85.0,2522.5839843749995,734.1242191734127
46.938705,10.243978,2025-05-23T12:00:00,validate,-4.3135353462468675,84.37416015625,718.1049999999998,86.0,0.6174524029947916,0.07078573632812502,13.7,85.0,2522.5839843749995,734.1242191734127
46.938705,10.243978,2025-05-23T15:00:00,validate,-3.3468686795802007,82.70749348958331,602.9966666666666,90.0,0.5874524029947917,0.07078573632812502,12.5,85.0,2522.5839843749995,734.5254406994187
46.938705,10.243978,2025-05-23T15:00:00,validate,-3.3468686795802007,82.70749348958331,602.9966666666666,90.0,0.5874524029947917,0.07078573632812502,12.5,85.0,2522.5839843749995,734.5254406994187
46.940637,11.119836,2025-05-23T06:00:00,validate,-4.522668871469034,83.83809914762548,84.7461677872633,97.3446869671109,0.7745254648799778,0,18.444918716974442,4.158070645311643,2767.632464446,758.2131058026886
46.940637,11.119836,2025-05-23T06:00:00,validate,-4.522668871469034,83.83809914762548,84.7461677872633,97.3446869671109,0.7745254648799778,0,18.444918716974442,4.158070645311643,2767.632464446,758.2131058026886
46.940637,11.119836,2025-05-23T09:00:00,validate,-4.317559736269131,84.45935127918189,434.8787207389428,96.02270726755515,0.9244686967110898,0,18.973710596796746,71.0,2767.632464446,759.2125381209999
46.940637,11.119836,2025-05-23T09:00:00,validate,-4.317559736269131,84.45935127918189,434.8787207389428,96.02270726755515,0.9244686967110898,0,18.973710596796746,71.0,2767.632464446,759.2125381209999
46.940637,11.119836,2025-05-23T12:00:00,validate,-2.383658721246919,73.13737157962613,842.4640174622444,82.23842630932887,0.9144119285422021,0,18.371847665419626,3.0,2767.632464446,760.416511892822
46.940637,11.119836,2025-05-23T12:00:00,validate,-2.383658721246919,73.13737157962613,842.4640174622444,82.23842630932887,0.9144119285422021,0,18.371847665419626,3.0,2767.632464446,760.416511892822
46.940637,11.119836,2025-05-23T15:00:00,validate,-1.4819556761802843,75.06924977696075,638.540877864264,72.3106260657782,1.0119306559903158,0.1341853941147805,17.929999106753122,83.58647259469313,2767.632464446,760.7521159529109
46.940637,11.119836,2025-05-23T15:00:00,validate,-1.4819556761802843,75.06924977696075,638.540877864264,72.3106260657782,1.0119306559903158,0.1341853941147805,17.929999106753122,83.58647259469313,2767.632464446,760.7521159529109
46.942078,10.800979,2025-05-23T06:00:00,validate,-5.577753634568066,89.06049809618297,66.2257566183819,98.0356928277976,0.9257703404939464,0,2.6922064718104837,71.24984979458324,2954.830494643302,742.872606842396
46.942078,10.800979,2025-05-23T06:00:00,validate,-5.577753634568066,89.06049809618297,66.2257566183819,98.0356928277976,0.9257703404939464,0,2.6922064718104837,71.24984979458324,2954.830494643302,742.872606842396
46.942078,10.800979,2025-05-23T09:00:00,validate,-5.211681848364692,88.3581386017187,288.20359079546955,98.62502503423613,1.064640067613689,0,3.508268244319407,71.10707848339281,2954.830494643302,743.4083196975824
46.942078,10.800979,2025-05-23T09:00:00,validate,-5.211681848364692,88.3581386017187,288.20359079546955,98.62502503423613,1.064640067613689,0,3.508268244319407,71.10707848339281,2954.830494643302,743.4083196975824
46.942078,10.800979,2025-05-23T12:00:00,validate,-3.5503691058676674,79.44737067121272,698.5878374350802,91.7380523222619,1.3178721643034637,0.2635295369214214,5.149355051064456,85.0,2954.830494643302,744.5446274332322
46.942078,10.800979,2025-05-23T12:00:00,validate,-3.5503691058676674,79.44737067121272,698.5878374350802,91.7380523222619,1.3178721643034637,0.2635295369214214,5.149355051064456,85.0,2954.830494643302,744.5446274332322
46.942078,10.800979,2025-05-23T15:00:00,validate,-2.5170357725343333,74.74501117674845,604.3674135684142,95.00594880463294,1.0822141437830972,0.06441920697506301,9.012472462340261,83.53659406029813,2954.830494643302,744.9148633826788
46.942078,10.800979,2025-05-23T15:00:00,validate,-2.5170357725343333,74.74501117674845,604.3674135684142,95.00594880463294,1.0822141437830972,0.06441920697506301,9.012472462340261,83.53659406029813,2954.830494643302,744.9148633826788
46.944961,12.164532,2025-05-23T06:00:00,validate,-7.411479187893753,89.57534687937503,81.5545175063263,100.00000000000001,1.6651568671712482,0,21.466675161066636,71.0,2843.2460377987495,706.6124212937668
46.944961,12.164532,2025-05-23T06:00:00,validate,-7.411479187893753,89.57534687937503,81.5545175063263,100.00000000000001,1.6651568671712482,0,21.466675161066636,71.0,2843.2460377987495,706.6124212937668
46.944961,12.164532,2025-05-23T09:00:00,validate,-7.376583553647919,89.89826487329168,486.81514994122267,91.73436637287504,1.7743757167149976,0,21.896879645374984,2.0156230091250067,2843.2460377987495,707.2447130931583
46.944961,12.164532,2025-05-23T09:00:00,validate,-7.376583553647919,89.89826487329168,486.81514994122267,91.73436637287504,1.7743757167149976,0,21.896879645374984,2.0156230091250067,2843.2460377987495,707.2447130931583
46.944961,12.164532,2025-05-23T12:00:00,validate,-5.5427294533437514,80.88264186416667,832.5770195237463,81.1614377609584,1.7644798701091646,0,17.899995752800013,2.0,2843.2460377987495,708.7098174589125
46.944961,12.164532,2025-05-23T12:00:00,validate,-5.5427294533437514,80.88264186416667,832.5770195237463,81.1614377609584,1.7644798701091646,0,17.899995752800013,2.0,2843.2460377987495,708.7098174589125
46.944961,12.164532,2025-05-23T15:00:00,validate,-4.47970815547292,77.23680587633335,611.406991801581,75.23955280658345,1.6164587845983318,0,18.610936106387502,2.0,2843.2460377987495,709.2744010576959
46.944961,12.164532,2025-05-23T15:00:00,validate,-4.47970815547292,77.23680587633335,611.406991801581,75.23955280658345,1.6164587845983318,0,18.610936106387502,2.0,2843.2460377987495,709.2744010576959
46.948119,11.068722,2025-05-23T06:00:00,validate,-4.457647023904989,91.56169009223328,68.62422741031035,95.14993237587905,0.6619642772810596,0,13.553234151289269,71.17991885105485,2645.2516558580123,756.0500342580998
46.948119,11.068722,2025-05-23T06:00:00,validate,-4.457647023904989,91.56169009223328,68.62422741031035,95.14993237587905,0.6619642772810596,0,13.553234151289269,71.17991885105485,2645.2516558580123,756.0500342580998
46.948119,11.068722,2025-05-23T09:00:00,validate,-3.926312788916709,89.5916765674091,333.8451074902025,97.08995942552743,0.8053975655316458,0,14.529896309681202,71.17991885105485,2645.2516558580123,757.043037413892
46.948119,11.068722,2025-05-23T09:00:00,validate,-3.926312788916709,89.5916765674091,333.8451074902025,97.08995942552743,0.8053975655316458,0,14.529896309681202,71.17991885105485,2645.2516558580123,757.043037413892
46.948119,11.068722,2025-05-23T12:00:00,validate,-1.5363082806419779,73.94500088419298,774.5401953157357,90.15992786760431,0.7919642772810597,0,15.050235503771686,3.0,2645.2516558580123,758.3723725505355
46.948119,11.068722,2025-05-23T12:00:00,validate,-1.5363082806419779,73.94500088419298,774.5401953157357,90.15992786760431,0.7919642772810597,0,15.050235503771686,3.0,2645.2516558580123,758.3723725505355
46.948119,11.068722,2025-05-23T15:00:00,validate,-0.6989767506185369,73.23835225062523,572.6555711127669,77.16992335932959,1.0291795108698096,0.267515098340508,15.334242717011254,2.0,2645.2516558580123,758.6440369630643
46.948119,11.068722,2025-05-23T15:00:00,validate,-0.6989767506185369,73.23835225062523,572.6555711127669,77.16992335932959,1.0291795108698096,0.267515098340508,15.334242717011254,2.0,2645.2516558580123,758.6440369630643
46.948303,10.641169,2025-05-23T06:00:00,validate,-7.123154664353173,96.26979752604169,76.15833333333333,97.00000000000001,0.82,0,7.366666666666668,48.0,2799.6869140625,720.0504532474729
46.948303,10.641169,2025-05-23T06:00:00,validate,-7.123154664353173,96.26979752604169,76.15833333333333,97.00000000000001,0.82,0,7.366666666666668,48.0,2799.6869140625,720.0504532474729
46.948303,10.641169,2025-05-23T09:00:00,validate,-6.689821331019839,97.603130859375,307.61,98.33333333333331,1.098333149609375,0.138333149609375,9.833333333333334,85.0,2799.6869140625,720.6837865808063
46.948303,10.641169,2025-05-23T09:00:00,validate,-6.689821331019839,97.603130859375,307.61,98.33333333333331,1.098333149609375,0.138333149609375,9.833333333333334,85.0,2799.6869140625,720.6837865808063
46.948303,10.641169,2025-05-23T12:00:00,validate,-4.823154664353172,85.93646419270831,582.445,100.0,1.2199996325520834,0.27666629921875,11.633333333333335,85.0,2799.6869140625,722.118725796261
46.948303,10.641169,2025-05-23T12:00:00,validate,-4.823154664353172,85.93646419270831,582.445,100.0,1.2199996325520834,0.27666629921875,11.633333333333335,85.0,2799.6869140625,722.118725796261
46.948303,10.641169,2025-05-23T15:00:00,validate,-3.789821331019838,77.93646419270833,509.10499999999996,93.66666666666669,1.1108330577473957,0.2074997244140625,12.7,3.0,2799.6869140625,722.5203316783823
46.948303,10.641169,2025-05-23T15:00:00,validate,-3.789821331019838,77.93646419270833,509.10499999999996,93.66666666666669,1.1108330577473957,0.2074997244140625,12.7,3.0,2799.6869140625,722.5203316783823
46.950725,12.243044,2025-05-23T06:00:00,validate,-4.893699012034471,78.92190238960653,106.17003723773558,100.0,0.3728122896440797,0,15.202523442366957,2.9999999999999996,2533.585045269647,741.6669676688354
46.950725,12.243044,2025-05-23T06:00:00,validate,-4.893699012034471,78.92190238960653,106.17003723773558,100.0,0.3728122896440797,0,15.202523442366957,2.9999999999999996,2533.585045269647,741.6669676688354
46.950725,12.243044,2025-05-23T09:00:00,validate,-3.98899677161471,74.2619532092538,594.5889459920219,62.75145300638406,0.4324764153283825,0,16.58304273205652,2.0,2533.585045269647,742.9709981606239
46.950725,12.243044,2025-05-23T09:00:00,validate,-3.98899677161471,74.2619532092538,594.5889459920219,62.75145300638406,0.4324764153283825,0,16.58304273205652,2.0,2533.585045269647,742.9709981606239
46.950725,12.243044,2025-05-23T12:00:00,validate,-1.8476024547046435,63.9487723348623,921.3187815860354,78.57843388380772,0.42574257379857644,0,15.487490874239894,2.0,2533.920919585344,744.3430388163418
46.950725,12.243044,2025-05-23T12:00:00,validate,-1.8476024547046435,63.9487723348623,921.3187815860354,78.57843388380772,0.42574257379857644,0,15.487490874239894,2.0,2533.920919585344,744.3430388163418
46.950725,12.243044,2025-05-23T15:00:00,validate,-0.9930272634030761,63.33584555870719,767.4011378027676,59.42483715936467,0.4091430819950493,0,15.386819125608499,2.0,2534.323968764181,744.6689829147296
46.950725,12.243044,2025-05-23T15:00:00,validate,-0.9930272634030761,63.33584555870719,767.4011378027676,59.42483715936467,0.4091430819950493,0,15.386819125608499,2.0,2534.323968764181,744.6689829147296
46.951338,10.640225,2025-05-23T06:00:00,validate,-7.464284315888296,99.53299065403611,84.03664312475831,97.97183097756066,0.7681690145300988,0,9.11596242627583,76.18309834925874,2628.8605576727596,718.1308723966274
46.951338,10.640225,2025-05-23T06:00:00,validate,-7.464284315888296,99.53299065403611,84.03664312475831,97.97183097756066,0.7681690145300988,0,9.11596242627583,76.18309834925874,2628.8605576727596,718.1308723966274
46.951338,10.640225,2025-05-23T09:00:00,validate,-6.6746129574493915,96.65505641793999,336.01499975580174,98.00938967414645,0.9088674239070194,0.003937845968789454,11.064319238243487,85.0,2628.8605576727596,718.9909662913915
46.951338,10.640225,2025-05-23T09:00:00,validate,-6.6746129574493915,96.65505641793999,336.01499975580174,98.00938967414645,0.9088674239070194,0.003937845968789454,11.064319238243487,85.0,2628.8605576727596,718.9909662913915
46.951338,10.640225,2025-05-23T12:00:00,validate,-4.548791363433219,84.66444609208644,622.1135207857297,98.38028170406558,1.0319942476700406,0.143731336398477,13.868544581722821,85.0,2628.8605576727596,720.6834545520743
46.951338,10.640225,2025-05-23T12:00:00,validate,-4.548791363433219,84.66444609208644,622.1135207857297,98.38028170406558,1.0319942476700406,0.143731336398477,13.868544581722821,85.0,2628.8605576727596,720.6834545520743
46.951338,10.640225,2025-05-23T15:00:00,validate,-3.45066929826251,76.34050243289954,550.5276757002265,96.9061032585355,0.8606485534084853,0.00590676895318418,15.518309834925875,3.0000000000000004,2628.8605576727596,721.0510601861557
46.951338,10.640225,2025-05-23T15:00:00,validate,-3.45066929826251,76.34050243289954,550.5276757002265,96.9061032585355,0.8606485534084853,0.00590676895318418,15.518309834925875,3.0000000000000004,2628.8605576727596,721.0510601861557
46.951952,12.692022,2025-05-23T06:00:00,validate,-5.660768049158633,86.29975244140626,101.80833333333334,100.0,1.15,0,12.633333333333333,3.0,2720.024755859375,733.916044937835
46.951952,12.692022,2025-05-23T06:00:00,validate,-5.660768049158633,86.29975244140626,101.80833333333334,100.0,1.15,0,12.633333333333333,3.0,2720.024755859375,733.916044937835
46.951952,12.692022,2025-05-23T09:00:00,validate,-5.293552107931808,81.96641910807294,544.9516666666666,100.0,1.16,0,15.800000000000002,3.0,2720.024755859375,734.9165942123952
46.951952,12.692022,2025-05-23T09:00:00,validate,-5.293552107931808,81.96641910807294,544.9516666666666,100.0,1.16,0,15.800000000000002,3.0,2720.024755859375,734.9165942123952
46.951952,12.692022,2025-05-23T12:00:00,validate,-3.160768049158632,75.29975244140626,879.4466666666666,92.99999999999999,1.16,0,14.899999999999999,3.0,2720.024755859375,736.5832608790619
46.951952,12.692022,2025-05-23T12:00:00,validate,-3.160768049158632,75.29975244140626,879.4466666666666,92.99999999999999,1.16,0,14.899999999999999,3.0,2720.024755859375,736.5832608790619
46.951952,12.692022,2025-05-23T15:00:00,validate,-2.560768049158632,71.63308577473958,744.9899999999999,39.666666666666664,1.1566666666666665,0,17.900000000000002,1.0,2720.024755859375,736.8849087027423
46.951952,12.692022,2025-05-23T15:00:00,validate,-2.560768049158632,71.63308577473958,744.9899999999999,39.666666666666664,1.1566666666666665,0,17.900000000000002,1.0,2720.024755859375,736.8849087027423
46.95235,10.822898,2025-05-23T06:00:00,validate,-5.451424921241173,90.97119868633564,66.1845414463274,98.02843259512095,0.917914943024464,0,2.5891008385369707,71.08529778536284,2748.282324439416,739.740642782812
46.95235,10.822898,2025-05-23T06:00:00,validate,-5.451424921241173,90.97119868633564,66.1845414463274,98.02843259512095,0.917914943024464,0,2.5891008385369707,71.08529778536284,2748.282324439416,739.740642782812
